date,open,high,low,close,volume
2024-08-05 05:22:00,1.093395,1.09351,1.093355,1.09345,248
2024-08-05 05:23:00,1.093455,1.09351,1.09336,1.093375,295
2024-08-05 05:24:00,1.09338,1.09338,1.09314,1.09315,209
2024-08-05 05:25:00,1.093155,1.09341,1.09314,1.09334,228
2024-08-05 05:26:00,1.09335,1.09343,1.093185,1.09321,327
2024-08-05 05:27:00,1.093215,1.093215,1.09288,1.09306,275
2024-08-05 05:28:00,1.093055,1.09322,1.09305,1.093165,292
2024-08-05 05:29:00,1.093155,1.093205,1.093045,1.093115,282
2024-08-05 05:30:00,1.093105,1.09313,1.09299,1.09309,270
2024-08-05 05:31:00,1.09308,1.093225,1.09304,1.0932,241
2024-08-05 05:32:00,1.0932,1.093245,1.09296,1.093035,294
2024-08-05 05:33:00,1.093035,1.09306,1.092695,1.092805,260
2024-08-05 05:34:00,1.09281,1.092975,1.09281,1.092905,326
2024-08-05 05:35:00,1.0929,1.092915,1.092695,1.092815,242
2024-08-05 05:36:00,1.09281,1.09297,1.092775,1.0929,264
2024-08-05 05:37:00,1.092895,1.092945,1.092835,1.09292,275
2024-08-05 05:38:00,1.092915,1.09327,1.0929,1.09321,348
2024-08-05 05:39:00,1.09322,1.093705,1.09317,1.09367,465
2024-08-05 05:40:00,1.09367,1.093695,1.09347,1.09357,467
2024-08-05 05:41:00,1.09357,1.093865,1.093495,1.093565,526
2024-08-05 05:42:00,1.093565,1.093705,1.09313,1.09316,494
2024-08-05 05:43:00,1.093165,1.093385,1.09315,1.09323,393
2024-08-05 05:44:00,1.09323,1.093355,1.093165,1.093325,443
2024-08-05 05:45:00,1.09333,1.093345,1.09284,1.09288,374
2024-08-05 05:46:00,1.092885,1.092925,1.0926,1.092755,374
2024-08-05 05:47:00,1.092755,1.09305,1.092755,1.09304,292
2024-08-05 05:48:00,1.09306,1.093065,1.092805,1.092835,309
2024-08-05 05:49:00,1.09284,1.092845,1.092585,1.092645,330
2024-08-05 05:50:00,1.09265,1.092695,1.09258,1.092655,296
2024-08-05 05:51:00,1.092655,1.09266,1.092295,1.092305,232
2024-08-05 05:52:00,1.09232,1.092355,1.09187,1.09187,350
2024-08-05 05:53:00,1.09186,1.092095,1.091825,1.09201,519
2024-08-05 05:54:00,1.092005,1.092155,1.09169,1.091745,394
2024-08-05 05:55:00,1.091745,1.09198,1.091635,1.091915,544
2024-08-05 05:56:00,1.09192,1.092095,1.0919,1.09196,419
2024-08-05 05:57:00,1.091955,1.091965,1.091635,1.09166,404
2024-08-05 05:58:00,1.091665,1.091815,1.091605,1.09161,367
2024-08-05 05:59:00,1.091615,1.09169,1.091195,1.09124,435
2024-08-05 06:00:00,1.091255,1.0917,1.09122,1.09142,717
2024-08-05 06:01:00,1.091425,1.09171,1.0914,1.091605,629
2024-08-05 06:02:00,1.091595,1.091785,1.091365,1.091445,631
2024-08-05 06:03:00,1.09146,1.09154,1.09091,1.09099,790
2024-08-05 06:04:00,1.090995,1.091025,1.09058,1.09058,655
2024-08-05 06:05:00,1.090585,1.091015,1.09053,1.09067,624
2024-08-05 06:06:00,1.090645,1.09099,1.090415,1.09092,584
2024-08-05 06:07:00,1.09092,1.090965,1.08989,1.0899,535
2024-08-05 06:08:00,1.08989,1.09019,1.089605,1.089865,628
2024-08-05 06:09:00,1.08987,1.09013,1.089815,1.090065,573
2024-08-05 06:10:00,1.09006,1.090235,1.08954,1.09003,670
2024-08-05 06:11:00,1.09,1.090055,1.08948,1.090055,492
2024-08-05 06:12:00,1.090065,1.090065,1.08927,1.089345,639
2024-08-05 06:13:00,1.08933,1.09026,1.089295,1.090205,559
2024-08-05 06:14:00,1.090205,1.090705,1.090125,1.090295,512
2024-08-05 06:15:00,1.09028,1.09071,1.0902,1.09039,700
2024-08-05 06:16:00,1.09037,1.09085,1.09029,1.09072,558
2024-08-05 06:17:00,1.090695,1.09076,1.09053,1.090645,536
2024-08-05 06:18:00,1.09061,1.090885,1.090305,1.09053,495
2024-08-05 06:19:00,1.09053,1.09088,1.09031,1.090815,565
2024-08-05 06:20:00,1.09082,1.091115,1.09077,1.09089,704
2024-08-05 06:21:00,1.090895,1.091,1.090595,1.090675,532
2024-08-05 06:22:00,1.090665,1.09102,1.09066,1.090945,610
2024-08-05 06:23:00,1.090935,1.090985,1.090795,1.090825,492
2024-08-05 06:24:00,1.090815,1.090915,1.090665,1.09067,502
2024-08-05 06:25:00,1.090665,1.09073,1.09026,1.090315,560
2024-08-05 06:26:00,1.09033,1.09058,1.09014,1.09025,474
2024-08-05 06:27:00,1.090255,1.09041,1.089865,1.090045,601
2024-08-05 06:28:00,1.090045,1.09045,1.089955,1.090235,586
2024-08-05 06:29:00,1.09024,1.09033,1.090055,1.090135,481
2024-08-05 06:30:00,1.09013,1.09051,1.09006,1.09043,515
2024-08-05 06:31:00,1.090425,1.09077,1.09038,1.090705,528
2024-08-05 06:32:00,1.09072,1.090745,1.0901,1.090255,462
2024-08-05 06:33:00,1.090235,1.090585,1.090035,1.09056,553
2024-08-05 06:34:00,1.090575,1.091005,1.090575,1.09098,527
2024-08-05 06:35:00,1.090985,1.09116,1.090645,1.091025,561
2024-08-05 06:36:00,1.09103,1.09122,1.090945,1.09099,462
2024-08-05 06:37:00,1.090985,1.091025,1.090745,1.090915,448
2024-08-05 06:38:00,1.090925,1.091315,1.09072,1.09123,517
2024-08-05 06:39:00,1.091225,1.09127,1.09104,1.091115,525
2024-08-05 06:40:00,1.09112,1.091195,1.090955,1.091175,506
2024-08-05 06:41:00,1.09118,1.091265,1.091065,1.091265,479
2024-08-05 06:42:00,1.091255,1.09144,1.091155,1.091385,376
2024-08-05 06:43:00,1.0914,1.091625,1.09138,1.09155,422
2024-08-05 06:44:00,1.091545,1.091545,1.09122,1.09136,381
2024-08-05 06:45:00,1.091365,1.091515,1.09118,1.091225,547
2024-08-05 06:46:00,1.091225,1.091465,1.0912,1.09136,412
2024-08-05 06:47:00,1.091345,1.091415,1.090995,1.091325,359
2024-08-05 06:48:00,1.09132,1.091545,1.091145,1.091215,429
2024-08-05 06:49:00,1.091225,1.091395,1.091155,1.09118,341
2024-08-05 06:50:00,1.091175,1.09121,1.0909,1.0909,354
2024-08-05 06:51:00,1.090905,1.090905,1.0906,1.090755,549
2024-08-05 06:52:00,1.09076,1.091065,1.09069,1.091015,460
2024-08-05 06:53:00,1.091015,1.09114,1.0905,1.09057,459
2024-08-05 06:54:00,1.09057,1.090595,1.090425,1.09054,346
2024-08-05 06:55:00,1.09053,1.090705,1.09042,1.090615,449
2024-08-05 06:56:00,1.090605,1.091055,1.090595,1.091045,408
2024-08-05 06:57:00,1.09104,1.09107,1.09082,1.090875,461
2024-08-05 06:58:00,1.090875,1.09099,1.090505,1.090645,542
2024-08-05 06:59:00,1.09065,1.09068,1.09052,1.090525,535
2024-08-05 07:00:00,1.090515,1.09085,1.09032,1.09081,740
2024-08-05 07:01:00,1.09082,1.091175,1.090645,1.09111,581
2024-08-05 07:02:00,1.091105,1.091475,1.091055,1.091215,561
2024-08-05 07:03:00,1.0912,1.09148,1.0912,1.091475,468
2024-08-05 07:04:00,1.09147,1.09195,1.091385,1.091935,467
2024-08-05 07:05:00,1.09194,1.092205,1.091905,1.092145,467
2024-08-05 07:06:00,1.09214,1.0925,1.09204,1.092415,446
2024-08-05 07:07:00,1.09242,1.092525,1.09231,1.092495,435
2024-08-05 07:08:00,1.09249,1.09258,1.092385,1.09248,444
2024-08-05 07:09:00,1.092485,1.092705,1.09225,1.09234,497
2024-08-05 07:10:00,1.09234,1.0925,1.092095,1.09235,498
2024-08-05 07:11:00,1.092345,1.0927,1.092245,1.09259,542
2024-08-05 07:12:00,1.0926,1.092745,1.092455,1.092745,382
2024-08-05 07:13:00,1.09274,1.092985,1.092665,1.09287,480
2024-08-05 07:14:00,1.092865,1.09319,1.09273,1.093155,526
2024-08-05 07:15:00,1.09319,1.09365,1.09302,1.093245,561
2024-08-05 07:16:00,1.09325,1.09337,1.093015,1.093155,499
2024-08-05 07:17:00,1.09316,1.09388,1.093145,1.09374,527
2024-08-05 07:18:00,1.09375,1.093895,1.093585,1.093885,468
2024-08-05 07:19:00,1.093885,1.093885,1.0933,1.093365,529
2024-08-05 07:20:00,1.093375,1.093455,1.093145,1.093315,477
2024-08-05 07:21:00,1.09331,1.0935,1.09319,1.093355,493
2024-08-05 07:22:00,1.093355,1.0941,1.09331,1.09409,482
2024-08-05 07:23:00,1.094095,1.09423,1.09394,1.09412,519
2024-08-05 07:24:00,1.09411,1.09452,1.09407,1.0942,454
2024-08-05 07:25:00,1.094195,1.09464,1.09391,1.09398,481
2024-08-05 07:26:00,1.093985,1.094505,1.09388,1.09435,443
2024-08-05 07:27:00,1.09435,1.094365,1.093725,1.09394,481
2024-08-05 07:28:00,1.093935,1.094365,1.09391,1.09422,423
2024-08-05 07:29:00,1.09422,1.094315,1.09406,1.09424,476
2024-08-05 07:30:00,1.09424,1.09498,1.094185,1.094895,584
2024-08-05 07:31:00,1.094915,1.09513,1.094805,1.09511,509
2024-08-05 07:32:00,1.095115,1.096075,1.0951,1.09605,607
2024-08-05 07:33:00,1.096035,1.09661,1.096035,1.09648,523
2024-08-05 07:34:00,1.096475,1.096705,1.09624,1.09629,508
2024-08-05 07:35:00,1.096295,1.096675,1.096,1.096075,466
2024-08-05 07:36:00,1.096085,1.09627,1.095895,1.09616,513
2024-08-05 07:37:00,1.09614,1.096285,1.09567,1.09571,438
2024-08-05 07:38:00,1.095675,1.09583,1.095595,1.095665,415
2024-08-05 07:39:00,1.09567,1.095925,1.095605,1.09579,320
2024-08-05 07:40:00,1.095775,1.09581,1.09544,1.09576,440
2024-08-05 07:41:00,1.095755,1.09594,1.09556,1.0956,339
2024-08-05 07:42:00,1.09561,1.095705,1.09543,1.09554,366
2024-08-05 07:43:00,1.095565,1.095845,1.095445,1.095755,377
2024-08-05 07:44:00,1.09576,1.09604,1.095635,1.09586,444
2024-08-05 07:45:00,1.095855,1.09631,1.095735,1.096065,540
2024-08-05 07:46:00,1.096055,1.09623,1.09582,1.096005,478
2024-08-05 07:47:00,1.09601,1.096115,1.09597,1.096015,368
2024-08-05 07:48:00,1.09602,1.09625,1.09592,1.096165,332
2024-08-05 07:49:00,1.096155,1.096155,1.095805,1.095935,334
2024-08-05 07:50:00,1.09593,1.09593,1.09534,1.09545,430
2024-08-05 07:51:00,1.095445,1.09551,1.0952,1.0953,294
2024-08-05 07:52:00,1.09531,1.095375,1.094835,1.09485,326
2024-08-05 07:53:00,1.09485,1.094925,1.09397,1.0941,396
2024-08-05 07:54:00,1.094065,1.094695,1.09374,1.094545,514
2024-08-05 07:55:00,1.09455,1.094785,1.09437,1.094435,455
2024-08-05 07:56:00,1.09443,1.09443,1.09394,1.09419,386
2024-08-05 07:57:00,1.094195,1.09463,1.094055,1.09462,350
2024-08-05 07:58:00,1.09461,1.094785,1.094515,1.0947,393
2024-08-05 07:59:00,1.09471,1.094955,1.094695,1.09488,356
2024-08-05 08:00:00,1.094895,1.09531,1.094655,1.095265,488
2024-08-05 08:01:00,1.095265,1.09563,1.095155,1.0955,476
2024-08-05 08:02:00,1.095495,1.095575,1.09509,1.095425,484
2024-08-05 08:03:00,1.09542,1.09557,1.09539,1.095405,362
2024-08-05 08:04:00,1.0954,1.09594,1.09532,1.09591,405
2024-08-05 08:05:00,1.095905,1.096335,1.09587,1.096245,416
2024-08-05 08:06:00,1.09624,1.096445,1.096195,1.096355,397
2024-08-05 08:07:00,1.09635,1.09665,1.096325,1.09646,439
2024-08-05 08:08:00,1.096465,1.09671,1.09642,1.09667,428
2024-08-05 08:09:00,1.09667,1.09724,1.09667,1.09717,411
2024-08-05 08:10:00,1.09718,1.09747,1.097145,1.09744,449
2024-08-05 08:11:00,1.09743,1.097505,1.09723,1.09723,454
2024-08-05 08:12:00,1.09724,1.09728,1.09677,1.09684,461
2024-08-05 08:13:00,1.09684,1.09684,1.09647,1.09648,367
2024-08-05 08:14:00,1.09647,1.09686,1.096395,1.09669,335
2024-08-05 08:15:00,1.096695,1.09675,1.09654,1.09659,260
2024-08-05 08:16:00,1.09659,1.0968,1.096535,1.096755,335
2024-08-05 08:17:00,1.09675,1.096775,1.09648,1.096535,342
2024-08-05 08:18:00,1.096525,1.09665,1.09645,1.09665,327
2024-08-05 08:19:00,1.09667,1.09693,1.09667,1.09683,348
2024-08-05 08:20:00,1.096825,1.09707,1.096735,1.09703,423
2024-08-05 08:21:00,1.09702,1.097025,1.09658,1.09658,383
2024-08-05 08:22:00,1.09655,1.09655,1.096245,1.096295,437
2024-08-05 08:23:00,1.0963,1.09664,1.09624,1.09648,348
2024-08-05 08:24:00,1.09648,1.0967,1.096465,1.09657,368
2024-08-05 08:25:00,1.09657,1.09674,1.096455,1.09658,319
2024-08-05 08:26:00,1.096575,1.096575,1.09618,1.09619,353
2024-08-05 08:27:00,1.0962,1.096385,1.096175,1.096205,310
2024-08-05 08:28:00,1.096215,1.09623,1.096,1.09618,323
2024-08-05 08:29:00,1.09618,1.09644,1.09618,1.096335,394
2024-08-05 08:30:00,1.096325,1.096505,1.096205,1.096445,275
2024-08-05 08:31:00,1.096435,1.09651,1.096175,1.096425,298
2024-08-05 08:32:00,1.09642,1.096695,1.0964,1.09659,317
2024-08-05 08:33:00,1.09658,1.096695,1.09652,1.09669,368
2024-08-05 08:34:00,1.0967,1.096975,1.09668,1.09696,461
2024-08-05 08:35:00,1.09696,1.097365,1.09691,1.09733,379
2024-08-05 08:36:00,1.097315,1.09736,1.097155,1.097155,326
2024-08-05 08:37:00,1.09714,1.097395,1.09688,1.097395,392
2024-08-05 08:38:00,1.097385,1.097455,1.09735,1.09742,299
2024-08-05 08:39:00,1.097415,1.09747,1.09724,1.09724,288
2024-08-05 08:40:00,1.09724,1.097265,1.097055,1.09706,328
2024-08-05 08:41:00,1.097055,1.097135,1.096825,1.097015,324
2024-08-05 08:42:00,1.097025,1.09712,1.096725,1.09673,299
2024-08-05 08:43:00,1.09673,1.096965,1.09672,1.096835,454
2024-08-05 08:44:00,1.09683,1.09684,1.09661,1.09673,385
2024-08-05 08:45:00,1.096725,1.09673,1.096225,1.09623,330
2024-08-05 08:46:00,1.096235,1.096345,1.096015,1.09627,348
2024-08-05 08:47:00,1.09627,1.096275,1.09608,1.09609,304
2024-08-05 08:48:00,1.09609,1.096415,1.09609,1.096345,360
2024-08-05 08:49:00,1.096355,1.09653,1.09621,1.09627,306
2024-08-05 08:50:00,1.096275,1.0963,1.09598,1.09616,325
2024-08-05 08:51:00,1.096165,1.09623,1.095935,1.09598,333
2024-08-05 08:52:00,1.09597,1.09605,1.095695,1.09598,370
2024-08-05 08:53:00,1.095975,1.096075,1.095635,1.09564,302
2024-08-05 08:54:00,1.09565,1.095805,1.09563,1.095715,304
2024-08-05 08:55:00,1.095705,1.09574,1.095495,1.095535,363
2024-08-05 08:56:00,1.09553,1.095535,1.095145,1.09519,415
2024-08-05 08:57:00,1.095195,1.095475,1.09508,1.09547,347
2024-08-05 08:58:00,1.09548,1.0955,1.094965,1.094965,396
2024-08-05 08:59:00,1.09497,1.095205,1.094765,1.095085,400
2024-08-05 09:00:00,1.09509,1.09546,1.095085,1.095345,382
2024-08-05 09:01:00,1.09534,1.095495,1.095255,1.09542,388
2024-08-05 09:02:00,1.09543,1.09556,1.095415,1.095495,305
2024-08-05 09:03:00,1.09549,1.0956,1.09535,1.09557,262
2024-08-05 09:04:00,1.095575,1.09568,1.09526,1.09528,320
2024-08-05 09:05:00,1.09528,1.095365,1.09498,1.095125,357
2024-08-05 09:06:00,1.095125,1.095315,1.095,1.095005,301
2024-08-05 09:07:00,1.095005,1.095025,1.094775,1.09481,321
2024-08-05 09:08:00,1.094815,1.095035,1.0948,1.094965,342
2024-08-05 09:09:00,1.094975,1.09498,1.094755,1.09482,334
2024-08-05 09:10:00,1.09482,1.094835,1.09456,1.094805,304
2024-08-05 09:11:00,1.094845,1.095065,1.094845,1.094945,264
2024-08-05 09:12:00,1.09495,1.09502,1.0948,1.094945,265
2024-08-05 09:13:00,1.09495,1.09538,1.094925,1.095195,388
2024-08-05 09:14:00,1.09519,1.095325,1.095115,1.09524,319
2024-08-05 09:15:00,1.095235,1.09549,1.09516,1.09536,346
2024-08-05 09:16:00,1.095365,1.09544,1.09527,1.09541,301
2024-08-05 09:17:00,1.09542,1.095645,1.09542,1.095515,355
2024-08-05 09:18:00,1.095515,1.09564,1.095235,1.095245,252
2024-08-05 09:19:00,1.09525,1.095745,1.095225,1.09567,356
2024-08-05 09:20:00,1.09567,1.0959,1.09558,1.095595,365
2024-08-05 09:21:00,1.095595,1.09574,1.09553,1.095715,297
2024-08-05 09:22:00,1.09572,1.09572,1.095075,1.095145,417
2024-08-05 09:23:00,1.095145,1.095175,1.09481,1.095045,377
2024-08-05 09:24:00,1.095025,1.095365,1.09502,1.095255,357
2024-08-05 09:25:00,1.09525,1.09528,1.094995,1.095055,346
2024-08-05 09:26:00,1.09506,1.095455,1.09498,1.095395,381
2024-08-05 09:27:00,1.095395,1.095695,1.095305,1.095635,362
2024-08-05 09:28:00,1.095655,1.095685,1.09544,1.095545,389
2024-08-05 09:29:00,1.09555,1.095595,1.09542,1.09549,371
2024-08-05 09:30:00,1.09548,1.09605,1.095325,1.09601,435
2024-08-05 09:31:00,1.096015,1.096105,1.09579,1.09583,325
2024-08-05 09:32:00,1.09582,1.09587,1.09565,1.0958,302
2024-08-05 09:33:00,1.09582,1.095845,1.095165,1.095265,326
2024-08-05 09:34:00,1.09527,1.09533,1.095105,1.09527,275
2024-08-05 09:35:00,1.095265,1.0953,1.09506,1.095065,357
2024-08-05 09:36:00,1.095065,1.0951,1.094565,1.094565,305
2024-08-05 09:37:00,1.094515,1.09483,1.094485,1.094735,421
2024-08-05 09:38:00,1.09473,1.095,1.094705,1.09498,368
2024-08-05 09:39:00,1.094975,1.095095,1.09472,1.094765,405
2024-08-05 09:40:00,1.09476,1.09494,1.094575,1.094895,364
2024-08-05 09:41:00,1.0949,1.09519,1.094835,1.09518,391
2024-08-05 09:42:00,1.095185,1.095245,1.094985,1.09516,374
2024-08-05 09:43:00,1.095165,1.095355,1.094835,1.094855,325
2024-08-05 09:44:00,1.094885,1.09516,1.09476,1.095115,349
2024-08-05 09:45:00,1.09511,1.095435,1.095085,1.095305,325
2024-08-05 09:46:00,1.09531,1.09551,1.09526,1.09551,289
2024-08-05 09:47:00,1.0955,1.095695,1.09537,1.095695,252
2024-08-05 09:48:00,1.095705,1.095715,1.095295,1.095295,251
2024-08-05 09:49:00,1.09529,1.095585,1.09528,1.095475,290
2024-08-05 09:50:00,1.095475,1.095645,1.095415,1.095595,271
2024-08-05 09:51:00,1.095595,1.09571,1.095425,1.095555,293
2024-08-05 09:52:00,1.095555,1.0957,1.095465,1.09568,284
2024-08-05 09:53:00,1.09568,1.09586,1.09562,1.095855,257
2024-08-05 09:54:00,1.09586,1.09586,1.095375,1.095395,264
2024-08-05 09:55:00,1.09538,1.095425,1.09523,1.09529,318
2024-08-05 09:56:00,1.095285,1.09565,1.095285,1.095605,319
2024-08-05 09:57:00,1.095605,1.095605,1.09532,1.095355,359
2024-08-05 09:58:00,1.095355,1.09539,1.09501,1.09514,346
2024-08-05 09:59:00,1.09514,1.0953,1.095055,1.095115,298
2024-08-05 10:00:00,1.09512,1.09513,1.094785,1.094785,290
2024-08-05 10:01:00,1.09478,1.0948,1.09436,1.09441,313
2024-08-05 10:02:00,1.094405,1.09444,1.094115,1.09422,278
2024-08-05 10:03:00,1.09422,1.09428,1.094035,1.094165,234
2024-08-05 10:04:00,1.094165,1.094165,1.09375,1.093965,276
2024-08-05 10:05:00,1.093965,1.094005,1.09387,1.09396,330
2024-08-05 10:06:00,1.093965,1.094205,1.09392,1.09392,363
2024-08-05 10:07:00,1.093925,1.094215,1.093925,1.094155,324
2024-08-05 10:08:00,1.09415,1.094155,1.09341,1.09343,319
2024-08-05 10:09:00,1.093435,1.09363,1.093315,1.093475,427
2024-08-05 10:10:00,1.09348,1.093705,1.093425,1.09369,378
2024-08-05 10:11:00,1.09369,1.0939,1.09366,1.09367,350
2024-08-05 10:12:00,1.093675,1.09369,1.093295,1.09361,304
2024-08-05 10:13:00,1.09361,1.09401,1.093605,1.093915,308
2024-08-05 10:14:00,1.093915,1.094015,1.093785,1.09394,355
2024-08-05 10:15:00,1.093935,1.094215,1.09391,1.09414,283
2024-08-05 10:16:00,1.09417,1.094275,1.09403,1.094235,269
2024-08-05 10:17:00,1.094235,1.09445,1.09419,1.094445,214
2024-08-05 10:18:00,1.094455,1.094505,1.094325,1.094355,309
2024-08-05 10:19:00,1.09437,1.09461,1.09437,1.094585,272
2024-08-05 10:20:00,1.09458,1.09465,1.09452,1.094615,282
2024-08-05 10:21:00,1.094605,1.09467,1.09451,1.09453,280
2024-08-05 10:22:00,1.09453,1.094725,1.09453,1.094665,242
2024-08-05 10:23:00,1.09466,1.094755,1.094505,1.094535,224
2024-08-05 10:24:00,1.094535,1.094595,1.094385,1.09449,225
2024-08-05 10:25:00,1.09449,1.094605,1.094415,1.09457,253
2024-08-05 10:26:00,1.09458,1.09479,1.094565,1.094785,263
2024-08-05 10:27:00,1.094785,1.09486,1.09473,1.094755,292
2024-08-05 10:28:00,1.094745,1.09489,1.094525,1.094645,317
2024-08-05 10:29:00,1.094655,1.09485,1.094645,1.094785,209
2024-08-05 10:30:00,1.094805,1.095005,1.09477,1.09499,301
2024-08-05 10:31:00,1.094975,1.095055,1.094715,1.094915,282
2024-08-05 10:32:00,1.094915,1.09505,1.094825,1.094825,289
2024-08-05 10:33:00,1.094825,1.09495,1.09451,1.094535,309
2024-08-05 10:34:00,1.09453,1.094615,1.094315,1.094485,303
2024-08-05 10:35:00,1.09446,1.094525,1.09431,1.0945,286
2024-08-05 10:36:00,1.094505,1.09453,1.09431,1.094485,293
2024-08-05 10:37:00,1.094485,1.094495,1.09411,1.09429,241
2024-08-05 10:38:00,1.09423,1.09423,1.093945,1.09409,225
2024-08-05 10:39:00,1.094085,1.09413,1.09392,1.094085,322
2024-08-05 10:40:00,1.09408,1.094165,1.093885,1.094135,371
2024-08-05 10:41:00,1.094125,1.0944,1.09412,1.094395,329
2024-08-05 10:42:00,1.09441,1.094765,1.09441,1.094735,332
2024-08-05 10:43:00,1.094735,1.094965,1.09473,1.09496,309
2024-08-05 10:44:00,1.09497,1.095025,1.09453,1.0946,303
2024-08-05 10:45:00,1.094595,1.09462,1.094295,1.094295,279
2024-08-05 10:46:00,1.0943,1.094355,1.094055,1.094225,379
2024-08-05 10:47:00,1.094215,1.09432,1.09401,1.09402,271
2024-08-05 10:48:00,1.09402,1.094265,1.09392,1.094225,285
2024-08-05 10:49:00,1.094235,1.094515,1.09421,1.094415,249
2024-08-05 10:50:00,1.0944,1.094475,1.094215,1.09441,267
2024-08-05 10:51:00,1.09441,1.09447,1.09425,1.09437,179
2024-08-05 10:52:00,1.094355,1.094435,1.094225,1.094405,235
2024-08-05 10:53:00,1.09441,1.09451,1.09434,1.09439,294
2024-08-05 10:54:00,1.09439,1.09462,1.094285,1.09462,301
2024-08-05 10:55:00,1.09462,1.09485,1.094595,1.0948,294
2024-08-05 10:56:00,1.0948,1.095155,1.094795,1.09509,282
2024-08-05 10:57:00,1.095095,1.09515,1.094735,1.09479,327
2024-08-05 10:58:00,1.09478,1.094815,1.094555,1.09463,262
2024-08-05 10:59:00,1.09463,1.095005,1.094625,1.094845,270
2024-08-05 11:00:00,1.094855,1.095025,1.09478,1.09478,344
2024-08-05 11:01:00,1.094785,1.094865,1.094585,1.09468,312
2024-08-05 11:02:00,1.09467,1.094705,1.094535,1.094635,266
2024-08-05 11:03:00,1.09464,1.094665,1.09448,1.09456,261
2024-08-05 11:04:00,1.09456,1.094615,1.09433,1.094515,346
2024-08-05 11:05:00,1.094525,1.094555,1.094435,1.094465,314
2024-08-05 11:06:00,1.09446,1.094715,1.094425,1.094645,222
2024-08-05 11:07:00,1.09464,1.094855,1.094625,1.094755,218
2024-08-05 11:08:00,1.09476,1.094885,1.09465,1.094755,227
2024-08-05 11:09:00,1.09476,1.094775,1.094485,1.094745,243
2024-08-05 11:10:00,1.094745,1.0955,1.094745,1.09549,265
2024-08-05 11:11:00,1.095485,1.095485,1.095245,1.095345,320
2024-08-05 11:12:00,1.095345,1.09561,1.095345,1.095525,264
2024-08-05 11:13:00,1.09556,1.09583,1.0955,1.09565,233
2024-08-05 11:14:00,1.09564,1.09571,1.095475,1.0955,304
2024-08-05 11:15:00,1.09549,1.09556,1.095125,1.09515,275
2024-08-05 11:16:00,1.09515,1.09549,1.09514,1.09542,278
2024-08-05 11:17:00,1.09541,1.095565,1.095395,1.09552,313
2024-08-05 11:18:00,1.09551,1.09553,1.095295,1.095435,265
2024-08-05 11:19:00,1.095425,1.095495,1.09529,1.09529,315
2024-08-05 11:20:00,1.095295,1.095375,1.095175,1.09521,322
2024-08-05 11:21:00,1.095215,1.095395,1.09515,1.09522,297
2024-08-05 11:22:00,1.09523,1.095255,1.09508,1.095125,268
2024-08-05 11:23:00,1.095125,1.09522,1.09508,1.09515,237
2024-08-05 11:24:00,1.09515,1.09517,1.094995,1.09511,209
2024-08-05 11:25:00,1.09511,1.09513,1.094755,1.094945,295
2024-08-05 11:26:00,1.094955,1.0952,1.094955,1.095085,308
2024-08-05 11:27:00,1.09509,1.09519,1.09494,1.09519,268
2024-08-05 11:28:00,1.095195,1.0952,1.09497,1.09498,273
2024-08-05 11:29:00,1.09499,1.09503,1.094765,1.09488,355
2024-08-05 11:30:00,1.094895,1.095,1.09466,1.09466,314
2024-08-05 11:31:00,1.09466,1.09494,1.09465,1.09469,230
2024-08-05 11:32:00,1.094685,1.09473,1.094505,1.09469,295
2024-08-05 11:33:00,1.094695,1.094775,1.094625,1.09476,340
2024-08-05 11:34:00,1.094755,1.094935,1.09445,1.094935,301
2024-08-05 11:35:00,1.094945,1.094985,1.094795,1.094885,302
2024-08-05 11:36:00,1.09489,1.094995,1.094795,1.0949,266
2024-08-05 11:37:00,1.09491,1.094975,1.094895,1.09491,250
2024-08-05 11:38:00,1.09491,1.095105,1.09482,1.095105,246
2024-08-05 11:39:00,1.095105,1.09525,1.095045,1.095215,378
2024-08-05 11:40:00,1.09521,1.095295,1.095185,1.095245,241
2024-08-05 11:41:00,1.095245,1.095265,1.09491,1.09496,254
2024-08-05 11:42:00,1.09495,1.09521,1.094845,1.0952,286
2024-08-05 11:43:00,1.0952,1.09532,1.095195,1.095235,289
2024-08-05 11:44:00,1.095225,1.09525,1.09501,1.09525,289
2024-08-05 11:45:00,1.09524,1.095285,1.095065,1.09512,280
2024-08-05 11:46:00,1.095155,1.095285,1.095025,1.09514,266
2024-08-05 11:47:00,1.09513,1.095165,1.09497,1.09512,305
2024-08-05 11:48:00,1.095135,1.095215,1.09499,1.095185,274
2024-08-05 11:49:00,1.09519,1.095285,1.09507,1.09511,327
2024-08-05 11:50:00,1.09511,1.09535,1.094965,1.094985,323
2024-08-05 11:51:00,1.094975,1.095205,1.09487,1.095015,319
2024-08-05 11:52:00,1.095005,1.095085,1.094835,1.094935,337
2024-08-05 11:53:00,1.094945,1.09541,1.094915,1.0954,323
2024-08-05 11:54:00,1.095395,1.095535,1.095285,1.09543,324
2024-08-05 11:55:00,1.095425,1.095855,1.095425,1.095675,388
2024-08-05 11:56:00,1.095685,1.095885,1.09559,1.09584,390
2024-08-05 11:57:00,1.095845,1.09598,1.095675,1.095945,416
2024-08-05 11:58:00,1.095955,1.09627,1.09588,1.09627,433
2024-08-05 11:59:00,1.09627,1.09649,1.09622,1.09632,391
2024-08-05 12:00:00,1.0963,1.09651,1.096235,1.096265,431
2024-08-05 12:01:00,1.096265,1.09647,1.09625,1.09634,460
2024-08-05 12:02:00,1.09634,1.09641,1.096165,1.096405,459
2024-08-05 12:03:00,1.096405,1.09663,1.096385,1.09656,410
2024-08-05 12:04:00,1.09655,1.096665,1.096515,1.096615,389
2024-08-05 12:05:00,1.09663,1.096975,1.096625,1.096905,414
2024-08-05 12:06:00,1.0969,1.09691,1.096515,1.09659,365
2024-08-05 12:07:00,1.096595,1.09663,1.09649,1.096505,342
2024-08-05 12:08:00,1.09651,1.096575,1.09648,1.09649,346
2024-08-05 12:09:00,1.096485,1.096595,1.096475,1.09656,296
2024-08-05 12:10:00,1.096555,1.09695,1.096555,1.096815,396
2024-08-05 12:11:00,1.096815,1.09694,1.09671,1.096755,374
2024-08-05 12:12:00,1.096755,1.096955,1.09661,1.09691,338
2024-08-05 12:13:00,1.09691,1.097255,1.09686,1.09725,438
2024-08-05 12:14:00,1.097255,1.097395,1.097245,1.097385,323
2024-08-05 12:15:00,1.09739,1.09749,1.09727,1.09736,389
2024-08-05 12:16:00,1.09736,1.097425,1.09717,1.09726,384
2024-08-05 12:17:00,1.097255,1.09727,1.097125,1.097215,386
2024-08-05 12:18:00,1.0972,1.097225,1.097025,1.0972,336
2024-08-05 12:19:00,1.0972,1.09722,1.096955,1.096955,375
2024-08-05 12:20:00,1.09694,1.097175,1.09686,1.09688,448
2024-08-05 12:21:00,1.09686,1.09686,1.096605,1.09677,482
2024-08-05 12:22:00,1.096775,1.09731,1.096725,1.097145,537
2024-08-05 12:23:00,1.09714,1.0972,1.096845,1.09709,487
2024-08-05 12:24:00,1.09709,1.097265,1.096835,1.097215,515
2024-08-05 12:25:00,1.097215,1.097495,1.097075,1.09748,420
2024-08-05 12:26:00,1.09747,1.097485,1.09723,1.097295,398
2024-08-05 12:27:00,1.097305,1.09732,1.096855,1.097155,447
2024-08-05 12:28:00,1.09715,1.097345,1.096865,1.0969,499
2024-08-05 12:29:00,1.096895,1.097045,1.096845,1.09695,443
2024-08-05 12:30:00,1.096955,1.097235,1.09677,1.097015,455
2024-08-05 12:31:00,1.09701,1.09723,1.096935,1.097035,493
2024-08-05 12:32:00,1.096985,1.097,1.09671,1.09684,438
2024-08-05 12:33:00,1.096835,1.097095,1.096805,1.09707,483
2024-08-05 12:34:00,1.097075,1.09742,1.09707,1.097385,366
2024-08-05 12:35:00,1.097395,1.097475,1.097285,1.09733,578
2024-08-05 12:36:00,1.09732,1.097455,1.097235,1.09729,405
2024-08-05 12:37:00,1.097285,1.09751,1.097235,1.097485,399
2024-08-05 12:38:00,1.097485,1.097525,1.09743,1.09751,487
2024-08-05 12:39:00,1.09752,1.098135,1.09751,1.098065,504
2024-08-05 12:40:00,1.09804,1.09842,1.097995,1.09835,507
2024-08-05 12:41:00,1.09835,1.098455,1.09821,1.098215,459
2024-08-05 12:42:00,1.09821,1.098445,1.097995,1.098275,464
2024-08-05 12:43:00,1.098275,1.098495,1.09826,1.09845,383
2024-08-05 12:44:00,1.098455,1.09862,1.09825,1.09862,401
2024-08-05 12:45:00,1.09861,1.09888,1.098515,1.09885,401
2024-08-05 12:46:00,1.09886,1.09888,1.098405,1.09868,410
2024-08-05 12:47:00,1.098675,1.099495,1.09865,1.099375,399
2024-08-05 12:48:00,1.09937,1.1008,1.099305,1.10076,590
2024-08-05 12:49:00,1.100765,1.100885,1.10023,1.100315,524
2024-08-05 12:50:00,1.10031,1.10031,1.099195,1.09927,402
2024-08-05 12:51:00,1.099265,1.09929,1.098525,1.098575,437
2024-08-05 12:52:00,1.098575,1.098785,1.09833,1.09859,370
2024-08-05 12:53:00,1.098605,1.09889,1.09856,1.09874,518
2024-08-05 12:54:00,1.098745,1.09918,1.09862,1.0987,465
2024-08-05 12:55:00,1.098715,1.098805,1.098485,1.098615,449
2024-08-05 12:56:00,1.098605,1.098745,1.09852,1.09864,401
2024-08-05 12:57:00,1.098645,1.098945,1.09846,1.09879,494
2024-08-05 12:58:00,1.098785,1.099235,1.09875,1.099105,506
2024-08-05 12:59:00,1.099105,1.09919,1.09888,1.09914,491
2024-08-05 13:00:00,1.099135,1.09947,1.09912,1.09946,569
2024-08-05 13:01:00,1.09946,1.099485,1.098655,1.098725,591
2024-08-05 13:02:00,1.09874,1.09897,1.098715,1.09875,553
2024-08-05 13:03:00,1.09877,1.098835,1.09851,1.098545,591
2024-08-05 13:04:00,1.09855,1.099015,1.098485,1.09869,633
2024-08-05 13:05:00,1.098685,1.09878,1.098495,1.09858,570
2024-08-05 13:06:00,1.098575,1.099035,1.098495,1.09875,656
2024-08-05 13:07:00,1.098755,1.098755,1.098495,1.09854,458
2024-08-05 13:08:00,1.098545,1.098595,1.098475,1.09855,505
2024-08-05 13:09:00,1.09856,1.09876,1.09851,1.09862,609
2024-08-05 13:10:00,1.098655,1.099055,1.09852,1.098825,506
2024-08-05 13:11:00,1.09884,1.09896,1.09869,1.09883,637
2024-08-05 13:12:00,1.098835,1.09913,1.098675,1.098835,567
2024-08-05 13:13:00,1.098835,1.098875,1.09849,1.098585,442
2024-08-05 13:14:00,1.098585,1.098975,1.098565,1.098775,583
2024-08-05 13:15:00,1.09877,1.098785,1.09851,1.09855,453
2024-08-05 13:16:00,1.09854,1.098885,1.098495,1.098845,467
2024-08-05 13:17:00,1.09885,1.099165,1.09883,1.098915,530
2024-08-05 13:18:00,1.09891,1.098995,1.098545,1.0986,453
2024-08-05 13:19:00,1.098605,1.099305,1.098555,1.099185,445
2024-08-05 13:20:00,1.0992,1.099645,1.09911,1.099525,530
2024-08-05 13:21:00,1.09952,1.0996,1.099125,1.09927,536
2024-08-05 13:22:00,1.099255,1.09953,1.099155,1.09938,491
2024-08-05 13:23:00,1.099375,1.099445,1.09932,1.09938,403
2024-08-05 13:24:00,1.099385,1.099565,1.099315,1.09947,440
2024-08-05 13:25:00,1.099475,1.099535,1.099105,1.099375,518
2024-08-05 13:26:00,1.0994,1.09942,1.09922,1.09931,397
2024-08-05 13:27:00,1.099305,1.099595,1.09927,1.099505,413
2024-08-05 13:28:00,1.099505,1.09989,1.099505,1.099845,445
2024-08-05 13:29:00,1.099845,1.09987,1.099555,1.0997,352
2024-08-05 13:30:00,1.099685,1.09989,1.09956,1.09976,524
2024-08-05 13:31:00,1.09975,1.099975,1.099485,1.09956,522
2024-08-05 13:32:00,1.09955,1.09976,1.09935,1.09972,613
2024-08-05 13:33:00,1.09973,1.10016,1.099705,1.10014,446
2024-08-05 13:34:00,1.100135,1.10034,1.100075,1.100125,561
2024-08-05 13:35:00,1.10013,1.10034,1.09992,1.100065,665
2024-08-05 13:36:00,1.100065,1.100075,1.099675,1.099735,618
2024-08-05 13:37:00,1.09974,1.09975,1.099415,1.099685,610
2024-08-05 13:38:00,1.099675,1.09968,1.09899,1.099295,621
2024-08-05 13:39:00,1.09929,1.09973,1.099255,1.09941,517
2024-08-05 13:40:00,1.09939,1.099445,1.099105,1.099245,575
2024-08-05 13:41:00,1.09924,1.09934,1.099085,1.099165,454
2024-08-05 13:42:00,1.099175,1.099185,1.098745,1.098985,480
2024-08-05 13:43:00,1.09898,1.099535,1.09898,1.099425,440
2024-08-05 13:44:00,1.09942,1.09966,1.09939,1.099465,371
2024-08-05 13:45:00,1.09947,1.09986,1.099355,1.099425,650
2024-08-05 13:46:00,1.099425,1.100015,1.099365,1.099645,610
2024-08-05 13:47:00,1.099655,1.0999,1.09956,1.099885,415
2024-08-05 13:48:00,1.099895,1.100035,1.099645,1.099745,556
2024-08-05 13:49:00,1.099735,1.0998,1.098815,1.09882,506
2024-08-05 13:50:00,1.09882,1.09882,1.09802,1.09827,564
2024-08-05 13:51:00,1.09827,1.09833,1.097945,1.098,424
2024-08-05 13:52:00,1.09799,1.098285,1.09789,1.09813,380
2024-08-05 13:53:00,1.098135,1.09833,1.09784,1.098295,453
2024-08-05 13:54:00,1.098305,1.09835,1.098155,1.09831,426
2024-08-05 13:55:00,1.098305,1.09841,1.09808,1.09815,427
2024-08-05 13:56:00,1.09815,1.098155,1.097795,1.097965,507
2024-08-05 13:57:00,1.09796,1.098085,1.097735,1.09789,461
2024-08-05 13:58:00,1.09786,1.09786,1.097535,1.09768,361
2024-08-05 13:59:00,1.09769,1.098155,1.097685,1.098,417
2024-08-05 14:00:00,1.097725,1.097905,1.096275,1.09695,960
2024-08-05 14:01:00,1.096945,1.097275,1.09639,1.097035,725
2024-08-05 14:02:00,1.097005,1.09776,1.09683,1.097645,665
2024-08-05 14:03:00,1.09764,1.097755,1.096915,1.097225,613
2024-08-05 14:04:00,1.09723,1.09724,1.09636,1.096505,581
2024-08-05 14:05:00,1.096515,1.0966,1.096005,1.096195,592
2024-08-05 14:06:00,1.096215,1.09678,1.095915,1.0967,497
2024-08-05 14:07:00,1.096755,1.09759,1.096685,1.09751,606
2024-08-05 14:08:00,1.09747,1.09782,1.097125,1.097665,583
2024-08-05 14:09:00,1.097655,1.0977,1.097215,1.097375,499
2024-08-05 14:10:00,1.09738,1.09744,1.096515,1.09656,519
2024-08-05 14:11:00,1.09656,1.097015,1.09638,1.096685,477
2024-08-05 14:12:00,1.09668,1.09684,1.096255,1.096455,503
2024-08-05 14:13:00,1.096445,1.096945,1.09641,1.096875,527
2024-08-05 14:14:00,1.096845,1.09712,1.09679,1.09681,513
2024-08-05 14:15:00,1.096815,1.097135,1.09675,1.097115,439
2024-08-05 14:16:00,1.097125,1.0973,1.097065,1.097265,466
2024-08-05 14:17:00,1.097255,1.09737,1.09703,1.097095,376
2024-08-05 14:18:00,1.097095,1.097445,1.097095,1.09716,413
2024-08-05 14:19:00,1.09716,1.097205,1.09684,1.096995,458
2024-08-05 14:20:00,1.097,1.097075,1.09667,1.096885,421
2024-08-05 14:21:00,1.096885,1.09718,1.09676,1.097115,477
2024-08-05 14:22:00,1.097115,1.097165,1.09684,1.09686,442
2024-08-05 14:23:00,1.09685,1.0969,1.09652,1.096695,408
2024-08-05 14:24:00,1.096695,1.097105,1.096685,1.09697,451
2024-08-05 14:25:00,1.09698,1.097325,1.096675,1.096805,462
2024-08-05 14:26:00,1.09679,1.096935,1.09671,1.0968,387
2024-08-05 14:27:00,1.096805,1.096805,1.096245,1.096485,392
2024-08-05 14:28:00,1.096495,1.096695,1.0963,1.096385,428
2024-08-05 14:29:00,1.09641,1.09678,1.09633,1.096735,517
2024-08-05 14:30:00,1.09674,1.096825,1.09632,1.09635,489
2024-08-05 14:31:00,1.09635,1.096465,1.096,1.096105,410
2024-08-05 14:32:00,1.09612,1.09619,1.09585,1.095895,459
2024-08-05 14:33:00,1.09589,1.09621,1.095645,1.095785,460
2024-08-05 14:34:00,1.09578,1.09643,1.09577,1.096305,497
2024-08-05 14:35:00,1.0963,1.096685,1.09622,1.096265,388
2024-08-05 14:36:00,1.096255,1.096405,1.0961,1.096245,455
2024-08-05 14:37:00,1.09624,1.096445,1.096135,1.096365,463
2024-08-05 14:38:00,1.09637,1.0966,1.09632,1.09654,486
2024-08-05 14:39:00,1.09653,1.096555,1.096395,1.096455,324
2024-08-05 14:40:00,1.096435,1.09661,1.096185,1.09661,418
2024-08-05 14:41:00,1.096605,1.096615,1.096415,1.09646,354
2024-08-05 14:42:00,1.096465,1.09657,1.09636,1.09657,335
2024-08-05 14:43:00,1.09656,1.09663,1.096215,1.096355,327
2024-08-05 14:44:00,1.09636,1.096525,1.096245,1.096365,388
2024-08-05 14:45:00,1.09639,1.09665,1.096355,1.096545,355
2024-08-05 14:46:00,1.096555,1.096705,1.09644,1.09663,395
2024-08-05 14:47:00,1.096645,1.096685,1.09635,1.096535,473
2024-08-05 14:48:00,1.096525,1.096865,1.096495,1.096825,469
2024-08-05 14:49:00,1.09683,1.09699,1.09667,1.096945,327
2024-08-05 14:50:00,1.096945,1.09705,1.09663,1.096795,396
2024-08-05 14:51:00,1.09679,1.09705,1.09635,1.097035,470
2024-08-05 14:52:00,1.097025,1.097445,1.097,1.097405,356
2024-08-05 14:53:00,1.097405,1.097785,1.09732,1.097635,441
2024-08-05 14:54:00,1.097635,1.097745,1.09754,1.097705,536
2024-08-05 14:55:00,1.0977,1.09772,1.09742,1.097595,469
2024-08-05 14:56:00,1.097605,1.09786,1.09747,1.097835,413
2024-08-05 14:57:00,1.097835,1.09786,1.09775,1.097785,341
2024-08-05 14:58:00,1.097785,1.097955,1.097735,1.09795,347
2024-08-05 14:59:00,1.097925,1.098,1.09789,1.09794,425
2024-08-05 15:00:00,1.09788,1.098195,1.09778,1.09815,445
2024-08-05 15:01:00,1.098145,1.09817,1.097795,1.098095,434
2024-08-05 15:02:00,1.09808,1.09827,1.09794,1.09825,386
2024-08-05 15:03:00,1.098255,1.098645,1.09823,1.09844,326
2024-08-05 15:04:00,1.098445,1.098535,1.09824,1.09824,358
2024-08-05 15:05:00,1.09824,1.09841,1.09824,1.0983,303
2024-08-05 15:06:00,1.098285,1.098345,1.097975,1.0983,336
2024-08-05 15:07:00,1.098295,1.098485,1.09827,1.09827,373
2024-08-05 15:08:00,1.098265,1.09834,1.09793,1.097935,410
2024-08-05 15:09:00,1.09793,1.09804,1.09776,1.097815,295
2024-08-05 15:10:00,1.09783,1.098045,1.09765,1.097975,363
2024-08-05 15:11:00,1.097975,1.09799,1.09776,1.097835,313
2024-08-05 15:12:00,1.097835,1.09795,1.097515,1.09763,296
2024-08-05 15:13:00,1.097635,1.097685,1.097385,1.09746,367
2024-08-05 15:14:00,1.09744,1.09745,1.097205,1.09735,282
2024-08-05 15:15:00,1.09734,1.09741,1.096995,1.09702,331
2024-08-05 15:16:00,1.09703,1.097155,1.09696,1.09699,376
2024-08-05 15:17:00,1.096995,1.09709,1.09686,1.09706,272
2024-08-05 15:18:00,1.097055,1.097065,1.09672,1.096835,262
2024-08-05 15:19:00,1.09683,1.09683,1.096195,1.09643,373
2024-08-05 15:20:00,1.09641,1.09682,1.096405,1.096775,370
2024-08-05 15:21:00,1.0968,1.096845,1.09651,1.096515,428
2024-08-05 15:22:00,1.096525,1.09697,1.09643,1.09697,458
2024-08-05 15:23:00,1.096975,1.09727,1.096975,1.09727,277
2024-08-05 15:24:00,1.097275,1.09735,1.09708,1.09711,358
2024-08-05 15:25:00,1.09712,1.097255,1.097075,1.09716,374
2024-08-05 15:26:00,1.09715,1.097355,1.097095,1.097185,327
2024-08-05 15:27:00,1.09719,1.0972,1.09704,1.097065,357
2024-08-05 15:28:00,1.097055,1.097165,1.09701,1.097125,371
2024-08-05 15:29:00,1.097125,1.09727,1.096845,1.096855,396
2024-08-05 15:30:00,1.09685,1.09732,1.09676,1.09719,403
2024-08-05 15:31:00,1.09719,1.09734,1.09716,1.0972,352
2024-08-05 15:32:00,1.09717,1.097265,1.09691,1.09691,438
2024-08-05 15:33:00,1.09692,1.097095,1.09676,1.09681,458
2024-08-05 15:34:00,1.096815,1.096875,1.09651,1.096545,345
2024-08-05 15:35:00,1.09655,1.096855,1.09651,1.096685,352
2024-08-05 15:36:00,1.09668,1.096855,1.09656,1.09673,424
2024-08-05 15:37:00,1.09674,1.09722,1.096685,1.097205,400
2024-08-05 15:38:00,1.0972,1.097245,1.096695,1.096715,375
2024-08-05 15:39:00,1.096715,1.096925,1.09659,1.096695,371
2024-08-05 15:40:00,1.0967,1.0967,1.096285,1.096305,329
2024-08-05 15:41:00,1.096295,1.096535,1.09628,1.096355,472
2024-08-05 15:42:00,1.096355,1.096595,1.09631,1.09655,393
2024-08-05 15:43:00,1.09657,1.096655,1.09619,1.096305,386
2024-08-05 15:44:00,1.096315,1.096375,1.09615,1.096215,415
2024-08-05 15:45:00,1.096215,1.09641,1.09611,1.096325,509
2024-08-05 15:46:00,1.096315,1.096465,1.096235,1.096355,340
2024-08-05 15:47:00,1.09635,1.09642,1.09617,1.09622,364
2024-08-05 15:48:00,1.096215,1.09626,1.09613,1.096215,343
2024-08-05 15:49:00,1.09622,1.096245,1.096025,1.096195,366
2024-08-05 15:50:00,1.09619,1.096265,1.09594,1.096135,345
2024-08-05 15:51:00,1.09614,1.096485,1.095995,1.09643,463
2024-08-05 15:52:00,1.09643,1.09661,1.09641,1.096505,423
2024-08-05 15:53:00,1.096505,1.09655,1.09636,1.09653,457
2024-08-05 15:54:00,1.096525,1.096545,1.09602,1.09614,440
2024-08-05 15:55:00,1.096125,1.096265,1.09591,1.096155,357
2024-08-05 15:56:00,1.096165,1.09631,1.095995,1.09609,421
2024-08-05 15:57:00,1.096095,1.09647,1.09606,1.096065,390
2024-08-05 15:58:00,1.096055,1.096055,1.09569,1.0958,362
2024-08-05 15:59:00,1.095795,1.095885,1.09559,1.09563,368
2024-08-05 16:00:00,1.09562,1.095825,1.095555,1.095715,336
2024-08-05 16:01:00,1.09572,1.09583,1.09563,1.095805,293
2024-08-05 16:02:00,1.095805,1.096095,1.09576,1.096035,390
2024-08-05 16:03:00,1.09603,1.096085,1.095925,1.095985,422
2024-08-05 16:04:00,1.09598,1.09602,1.095725,1.095815,385
2024-08-05 16:05:00,1.095815,1.095815,1.09533,1.09535,393
2024-08-05 16:06:00,1.09536,1.09551,1.0953,1.095335,503
2024-08-05 16:07:00,1.09533,1.0955,1.095225,1.09543,365
2024-08-05 16:08:00,1.095425,1.09549,1.09525,1.09528,398
2024-08-05 16:09:00,1.095275,1.0953,1.095145,1.095155,407
2024-08-05 16:10:00,1.09516,1.095185,1.094905,1.094955,505
2024-08-05 16:11:00,1.09497,1.094975,1.09476,1.094945,444
2024-08-05 16:12:00,1.09494,1.09524,1.09494,1.095225,457
2024-08-05 16:13:00,1.095215,1.0953,1.09503,1.095165,466
2024-08-05 16:14:00,1.09517,1.095235,1.095075,1.095205,332
2024-08-05 16:15:00,1.09521,1.09548,1.09515,1.09542,386
2024-08-05 16:16:00,1.095425,1.09549,1.09537,1.09546,412
2024-08-05 16:17:00,1.09547,1.09574,1.09542,1.095725,408
2024-08-05 16:18:00,1.09573,1.095755,1.095495,1.0955,366
2024-08-05 16:19:00,1.095515,1.09562,1.09536,1.095575,374
2024-08-05 16:20:00,1.095595,1.095715,1.095445,1.095555,374
2024-08-05 16:21:00,1.095575,1.0957,1.09546,1.09557,300
2024-08-05 16:22:00,1.095575,1.09589,1.095485,1.0956,402
2024-08-05 16:23:00,1.0956,1.09587,1.09555,1.09571,469
2024-08-05 16:24:00,1.09572,1.096,1.095715,1.095905,363
2024-08-05 16:25:00,1.0959,1.096045,1.095795,1.09586,295
2024-08-05 16:26:00,1.095855,1.095995,1.09567,1.09596,442
2024-08-05 16:27:00,1.09597,1.09603,1.095655,1.09572,443
2024-08-05 16:28:00,1.09573,1.09588,1.095705,1.09578,317
2024-08-05 16:29:00,1.095775,1.095825,1.09561,1.095685,350
2024-08-05 16:30:00,1.095675,1.09584,1.09563,1.095685,309
2024-08-05 16:31:00,1.095695,1.095825,1.095545,1.09581,362
2024-08-05 16:32:00,1.095825,1.095915,1.09573,1.095775,398
2024-08-05 16:33:00,1.09578,1.09579,1.095525,1.095665,339
2024-08-05 16:34:00,1.095675,1.095715,1.09552,1.09561,277
2024-08-05 16:35:00,1.095605,1.095725,1.09552,1.09553,324
2024-08-05 16:36:00,1.095525,1.095645,1.09547,1.09552,304
2024-08-05 16:37:00,1.095515,1.09566,1.095465,1.095565,300
2024-08-05 16:38:00,1.09556,1.09578,1.09556,1.09563,335
2024-08-05 16:39:00,1.095635,1.09581,1.095525,1.0958,303
2024-08-05 16:40:00,1.095795,1.096065,1.09578,1.096025,354
2024-08-05 16:41:00,1.096015,1.096025,1.095815,1.095835,370
2024-08-05 16:42:00,1.09584,1.09597,1.095775,1.09582,357
2024-08-05 16:43:00,1.09583,1.096035,1.09572,1.095925,263
2024-08-05 16:44:00,1.095895,1.09598,1.095835,1.09596,343
2024-08-05 16:45:00,1.095955,1.095985,1.09581,1.09597,402
2024-08-05 16:46:00,1.095965,1.09607,1.095865,1.09588,429
2024-08-05 16:47:00,1.095875,1.095945,1.09572,1.095795,376
2024-08-05 16:48:00,1.095795,1.095885,1.095715,1.095725,334
2024-08-05 16:49:00,1.09574,1.09596,1.095705,1.09596,242
2024-08-05 16:50:00,1.09598,1.096,1.095735,1.09581,449
2024-08-05 16:51:00,1.095825,1.095945,1.09578,1.09583,379
2024-08-05 16:52:00,1.09582,1.09588,1.09576,1.09588,280
2024-08-05 16:53:00,1.09588,1.096065,1.095855,1.095925,318
2024-08-05 16:54:00,1.095925,1.095925,1.095705,1.095775,350
2024-08-05 16:55:00,1.095775,1.09584,1.09571,1.09577,448
2024-08-05 16:56:00,1.09577,1.09597,1.095715,1.095945,411
2024-08-05 16:57:00,1.09594,1.096055,1.09591,1.096035,411
2024-08-05 16:58:00,1.09604,1.09611,1.095975,1.09604,441
2024-08-05 16:59:00,1.09604,1.096115,1.095945,1.09598,467
2024-08-05 17:00:00,1.095975,1.09625,1.095945,1.096185,397
2024-08-05 17:01:00,1.096185,1.096445,1.096155,1.096225,333
2024-08-05 17:02:00,1.096225,1.096395,1.096195,1.0962,315
2024-08-05 17:03:00,1.096195,1.09623,1.09607,1.096075,300
2024-08-05 17:04:00,1.09608,1.096095,1.09587,1.095935,358
2024-08-05 17:05:00,1.095935,1.09607,1.09592,1.09605,332
2024-08-05 17:06:00,1.09605,1.09615,1.096015,1.096115,326
2024-08-05 17:07:00,1.09611,1.096145,1.09599,1.09607,307
2024-08-05 17:08:00,1.096065,1.09616,1.09599,1.09603,360
2024-08-05 17:09:00,1.09603,1.09615,1.095895,1.09596,268
2024-08-05 17:10:00,1.095955,1.0961,1.09592,1.09604,292
2024-08-05 17:11:00,1.09603,1.09607,1.09583,1.095895,282
2024-08-05 17:12:00,1.095895,1.09591,1.095675,1.09572,231
2024-08-05 17:13:00,1.09572,1.09582,1.09567,1.095685,219
2024-08-05 17:14:00,1.0957,1.09579,1.095675,1.09578,242
2024-08-05 17:15:00,1.09578,1.09597,1.095775,1.095835,274
2024-08-05 17:16:00,1.09583,1.095845,1.09568,1.095715,305
2024-08-05 17:17:00,1.095725,1.09587,1.09569,1.095785,294
2024-08-05 17:18:00,1.095795,1.095825,1.095735,1.09577,328
2024-08-05 17:19:00,1.095775,1.095785,1.09543,1.095435,315
2024-08-05 17:20:00,1.095455,1.09567,1.09539,1.095405,390
2024-08-05 17:21:00,1.095405,1.09548,1.09534,1.095455,303
2024-08-05 17:22:00,1.09545,1.0955,1.095295,1.09533,336
2024-08-05 17:23:00,1.09533,1.095375,1.09523,1.09525,336
2024-08-05 17:24:00,1.095255,1.095535,1.095235,1.095475,351
2024-08-05 17:25:00,1.095475,1.095545,1.095385,1.095495,240
2024-08-05 17:26:00,1.09552,1.095715,1.09545,1.095465,294
2024-08-05 17:27:00,1.09547,1.095545,1.0954,1.095475,316
2024-08-05 17:28:00,1.095475,1.095495,1.095235,1.095255,279
2024-08-05 17:29:00,1.095255,1.09534,1.095155,1.09533,273
2024-08-05 17:30:00,1.095345,1.095445,1.0953,1.09544,288
2024-08-05 17:31:00,1.09544,1.09544,1.095205,1.09526,319
2024-08-05 17:32:00,1.09527,1.09527,1.09503,1.095085,266
2024-08-05 17:33:00,1.09509,1.09511,1.09501,1.095065,284
2024-08-05 17:34:00,1.09508,1.095105,1.09498,1.095,268
2024-08-05 17:35:00,1.094985,1.094985,1.09473,1.094805,323
2024-08-05 17:36:00,1.09481,1.094965,1.094735,1.09494,252
2024-08-05 17:37:00,1.094955,1.09511,1.094955,1.095075,289
2024-08-05 17:38:00,1.09508,1.09523,1.094945,1.094955,252
2024-08-05 17:39:00,1.09495,1.09503,1.0949,1.094965,237
2024-08-05 17:40:00,1.094965,1.09511,1.09495,1.095055,273
2024-08-05 17:41:00,1.09506,1.09511,1.094965,1.094985,295
2024-08-05 17:42:00,1.09499,1.09513,1.09494,1.095095,296
2024-08-05 17:43:00,1.09508,1.09511,1.095005,1.0951,272
2024-08-05 17:44:00,1.095105,1.095295,1.095095,1.09521,355
2024-08-05 17:45:00,1.09521,1.095315,1.095185,1.09529,308
2024-08-05 17:46:00,1.095295,1.09534,1.095205,1.095325,279
2024-08-05 17:47:00,1.09533,1.095445,1.09527,1.095425,308
2024-08-05 17:48:00,1.095425,1.095475,1.09526,1.095325,255
2024-08-05 17:49:00,1.09534,1.095445,1.09534,1.09541,291
2024-08-05 17:50:00,1.09541,1.095455,1.095335,1.095435,248
2024-08-05 17:51:00,1.09543,1.095525,1.09539,1.095475,266
2024-08-05 17:52:00,1.095465,1.0956,1.09545,1.0955,299
2024-08-05 17:53:00,1.095495,1.095515,1.095415,1.09551,304
2024-08-05 17:54:00,1.095515,1.09555,1.09541,1.09548,273
2024-08-05 17:55:00,1.095475,1.095575,1.095445,1.09547,340
2024-08-05 17:56:00,1.09547,1.09547,1.095315,1.09532,288
2024-08-05 17:57:00,1.09532,1.09533,1.09516,1.095275,252
2024-08-05 17:58:00,1.09527,1.09537,1.09521,1.095335,309
2024-08-05 17:59:00,1.095335,1.095385,1.095295,1.095335,262
2024-08-05 18:00:00,1.095335,1.095485,1.09528,1.095285,335
2024-08-05 18:01:00,1.095295,1.09531,1.09512,1.095145,327
2024-08-05 18:02:00,1.09514,1.09522,1.095065,1.095165,312
2024-08-05 18:03:00,1.09516,1.09535,1.09516,1.09531,328
2024-08-05 18:04:00,1.095305,1.095365,1.09527,1.09528,269
2024-08-05 18:05:00,1.09528,1.09532,1.09521,1.09526,260
2024-08-05 18:06:00,1.09526,1.09533,1.09522,1.095315,236
2024-08-05 18:07:00,1.09532,1.095335,1.095265,1.095295,273
2024-08-05 18:08:00,1.095295,1.095485,1.09529,1.0954,304
2024-08-05 18:09:00,1.095405,1.0955,1.095385,1.095475,331
2024-08-05 18:10:00,1.09547,1.095565,1.09544,1.09554,236
2024-08-05 18:11:00,1.09554,1.09566,1.095535,1.095585,197
2024-08-05 18:12:00,1.09559,1.095635,1.09555,1.09561,315
2024-08-05 18:13:00,1.0956,1.095625,1.095515,1.09554,323
2024-08-05 18:14:00,1.095545,1.095545,1.09541,1.095515,308
2024-08-05 18:15:00,1.095505,1.095595,1.09548,1.09553,276
2024-08-05 18:16:00,1.095525,1.0956,1.09552,1.095595,290
2024-08-05 18:17:00,1.0956,1.0957,1.09557,1.095655,276
2024-08-05 18:18:00,1.09564,1.095695,1.09556,1.09557,283
2024-08-05 18:19:00,1.095565,1.095695,1.095555,1.09564,206
2024-08-05 18:20:00,1.095625,1.09575,1.095625,1.09573,197
2024-08-05 18:21:00,1.095725,1.09576,1.0956,1.09561,213
2024-08-05 18:22:00,1.095615,1.095665,1.095555,1.09558,222
2024-08-05 18:23:00,1.09558,1.095745,1.095535,1.095725,248
2024-08-05 18:24:00,1.095725,1.09574,1.095595,1.09564,227
2024-08-05 18:25:00,1.095645,1.09575,1.095635,1.095735,241
2024-08-05 18:26:00,1.09573,1.09573,1.09563,1.095635,337
2024-08-05 18:27:00,1.095645,1.09568,1.0955,1.09551,339
2024-08-05 18:28:00,1.09551,1.095605,1.09548,1.09558,265
2024-08-05 18:29:00,1.09558,1.09558,1.09545,1.095495,260
2024-08-05 18:30:00,1.09549,1.095695,1.09549,1.095675,226
2024-08-05 18:31:00,1.09567,1.0957,1.095585,1.095625,333
2024-08-05 18:32:00,1.09562,1.095685,1.09562,1.095685,331
2024-08-05 18:33:00,1.095675,1.09568,1.09557,1.09559,320
2024-08-05 18:34:00,1.09558,1.095585,1.095445,1.09545,221
2024-08-05 18:35:00,1.095445,1.095505,1.09543,1.095475,264
2024-08-05 18:36:00,1.09548,1.0956,1.095475,1.09557,261
2024-08-05 18:37:00,1.095565,1.09562,1.0955,1.09558,260
2024-08-05 18:38:00,1.09558,1.09569,1.095495,1.095545,298
2024-08-05 18:39:00,1.095545,1.09561,1.095465,1.09554,285
2024-08-05 18:40:00,1.095535,1.09555,1.09542,1.09549,299
2024-08-05 18:41:00,1.095485,1.095585,1.09545,1.09555,231
2024-08-05 18:42:00,1.095545,1.095575,1.09547,1.09549,303
2024-08-05 18:43:00,1.095485,1.095505,1.09545,1.0955,251
2024-08-05 18:44:00,1.09549,1.095495,1.09538,1.09542,282
2024-08-05 18:45:00,1.095415,1.09542,1.095305,1.095305,314
2024-08-05 18:46:00,1.095315,1.095375,1.095265,1.095335,312
2024-08-05 18:47:00,1.09534,1.095395,1.09525,1.09538,320
2024-08-05 18:48:00,1.09538,1.095385,1.09524,1.095285,319
2024-08-05 18:49:00,1.095275,1.095345,1.095235,1.09527,287
2024-08-05 18:50:00,1.09527,1.09534,1.09525,1.095275,241
2024-08-05 18:51:00,1.095275,1.09531,1.09521,1.0953,276
2024-08-05 18:52:00,1.09529,1.09535,1.095265,1.095285,240
2024-08-05 18:53:00,1.095285,1.09531,1.095235,1.095285,285
2024-08-05 18:54:00,1.09528,1.09528,1.09513,1.09518,184
2024-08-05 18:55:00,1.09517,1.095205,1.09508,1.0952,203
2024-08-05 18:56:00,1.0952,1.095205,1.0951,1.095125,194
2024-08-05 18:57:00,1.095115,1.095185,1.09509,1.095185,261
2024-08-05 18:58:00,1.09518,1.09518,1.0949,1.0949,238
2024-08-05 18:59:00,1.094905,1.095165,1.0949,1.095125,302
2024-08-05 19:00:00,1.095125,1.095325,1.095095,1.09529,273
2024-08-05 19:01:00,1.09529,1.09537,1.095215,1.09528,221
2024-08-05 19:02:00,1.09528,1.09539,1.0952,1.095275,260
2024-08-05 19:03:00,1.095275,1.09536,1.095205,1.095335,217
2024-08-05 19:04:00,1.095335,1.095435,1.095265,1.095435,207
2024-08-05 19:05:00,1.095435,1.095445,1.095355,1.095375,214
2024-08-05 19:06:00,1.095385,1.095385,1.095255,1.09534,231
2024-08-05 19:07:00,1.09534,1.09539,1.095315,1.09534,206
2024-08-05 19:08:00,1.09535,1.09536,1.09521,1.09533,161
2024-08-05 19:09:00,1.095335,1.09543,1.0953,1.09542,148
2024-08-05 19:10:00,1.095415,1.09549,1.09538,1.095485,255
2024-08-05 19:11:00,1.095485,1.09552,1.09539,1.09548,227
2024-08-05 19:12:00,1.095485,1.09556,1.09542,1.095445,206
2024-08-05 19:13:00,1.095455,1.095495,1.095415,1.09545,181
2024-08-05 19:14:00,1.09545,1.095495,1.095415,1.09544,203
2024-08-05 19:15:00,1.095435,1.095435,1.095305,1.09533,207
2024-08-05 19:16:00,1.09533,1.095425,1.09531,1.095365,153
2024-08-05 19:17:00,1.09537,1.095565,1.09533,1.09556,198
2024-08-05 19:18:00,1.095565,1.09557,1.09549,1.095505,208
2024-08-05 19:19:00,1.095485,1.095495,1.09539,1.095395,214
2024-08-05 19:20:00,1.09539,1.095405,1.095285,1.09534,229
2024-08-05 19:21:00,1.09534,1.095405,1.095215,1.095245,252
2024-08-05 19:22:00,1.09524,1.09524,1.095105,1.09516,204
2024-08-05 19:23:00,1.095155,1.095195,1.09512,1.09519,203
2024-08-05 19:24:00,1.09518,1.095195,1.09501,1.09502,166
2024-08-05 19:25:00,1.09502,1.09505,1.094975,1.09502,183
2024-08-05 19:26:00,1.09501,1.095085,1.09499,1.095075,260
2024-08-05 19:27:00,1.095085,1.095085,1.094965,1.094965,163
2024-08-05 19:28:00,1.094965,1.095075,1.094945,1.09505,240
2024-08-05 19:29:00,1.095055,1.09541,1.09505,1.095375,199
2024-08-05 19:30:00,1.09537,1.09544,1.0953,1.0953,291
2024-08-05 19:31:00,1.0953,1.095385,1.095265,1.09536,328
2024-08-05 19:32:00,1.09535,1.09538,1.09531,1.09535,222
2024-08-05 19:33:00,1.09535,1.09537,1.095315,1.09535,192
2024-08-05 19:34:00,1.095355,1.09537,1.095275,1.09533,191
2024-08-05 19:35:00,1.09534,1.09541,1.09533,1.09541,187
2024-08-05 19:36:00,1.095395,1.095465,1.09537,1.09537,211
2024-08-05 19:37:00,1.095365,1.095425,1.095355,1.095415,238
2024-08-05 19:38:00,1.095405,1.095425,1.095255,1.09531,200
2024-08-05 19:39:00,1.095305,1.09532,1.09526,1.095295,166
2024-08-05 19:40:00,1.095295,1.095335,1.095245,1.09526,198
2024-08-05 19:41:00,1.09525,1.0953,1.09519,1.09527,249
2024-08-05 19:42:00,1.09528,1.095415,1.095265,1.09541,186
2024-08-05 19:43:00,1.095415,1.09546,1.09538,1.095395,204
2024-08-05 19:44:00,1.095405,1.0955,1.095405,1.09542,177
2024-08-05 19:45:00,1.095415,1.09552,1.095415,1.095485,179
2024-08-05 19:46:00,1.09549,1.095535,1.095485,1.095505,155
2024-08-05 19:47:00,1.095495,1.0955,1.09541,1.095445,181
2024-08-05 19:48:00,1.09544,1.095465,1.09539,1.095455,184
2024-08-05 19:49:00,1.09545,1.09561,1.095445,1.095535,142
2024-08-05 19:50:00,1.095525,1.095615,1.0955,1.095585,274
2024-08-05 19:51:00,1.09558,1.095665,1.09558,1.09563,222
2024-08-05 19:52:00,1.09563,1.09567,1.095615,1.095635,168
2024-08-05 19:53:00,1.095635,1.095665,1.095565,1.09566,179
2024-08-05 19:54:00,1.095665,1.09569,1.095605,1.095675,236
2024-08-05 19:55:00,1.09568,1.09576,1.09562,1.09568,207
2024-08-05 19:56:00,1.09569,1.09579,1.095685,1.095705,248
2024-08-05 19:57:00,1.095705,1.095745,1.095535,1.09572,243
2024-08-05 19:58:00,1.09571,1.095835,1.095685,1.095815,227
2024-08-05 19:59:00,1.095815,1.095905,1.095765,1.0959,238
2024-08-05 20:00:00,1.09591,1.09597,1.09587,1.09595,245
2024-08-05 20:01:00,1.09596,1.09603,1.09586,1.096005,195
2024-08-05 20:02:00,1.096,1.096,1.095835,1.095835,181
2024-08-05 20:03:00,1.09582,1.095915,1.09582,1.09585,180
2024-08-05 20:04:00,1.095855,1.095885,1.095765,1.09581,147
2024-08-05 20:05:00,1.095805,1.095935,1.0958,1.095915,163
2024-08-05 20:06:00,1.09591,1.095915,1.09575,1.09586,132
2024-08-05 20:07:00,1.09586,1.095905,1.095835,1.095895,124
2024-08-05 20:08:00,1.095895,1.096035,1.095865,1.096035,119
2024-08-05 20:09:00,1.09603,1.096035,1.095905,1.095945,131
2024-08-05 20:10:00,1.095955,1.096015,1.09592,1.09599,101
2024-08-05 20:11:00,1.09598,1.096015,1.09598,1.096,101
2024-08-05 20:12:00,1.09601,1.09604,1.09595,1.095965,125
2024-08-05 20:13:00,1.09597,1.095985,1.095865,1.09591,136
2024-08-05 20:14:00,1.0959,1.09596,1.0959,1.09594,132
2024-08-05 20:15:00,1.09594,1.095955,1.095875,1.09595,155
2024-08-05 20:16:00,1.095955,1.095955,1.095845,1.09588,152
2024-08-05 20:17:00,1.09589,1.095935,1.095815,1.095925,136
2024-08-05 20:18:00,1.095925,1.095925,1.09583,1.09587,110
2024-08-05 20:19:00,1.09588,1.09589,1.09583,1.09585,107
2024-08-05 20:20:00,1.095845,1.09586,1.095815,1.09584,88
2024-08-05 20:21:00,1.095825,1.09589,1.09581,1.09589,126
2024-08-05 20:22:00,1.09589,1.09589,1.09572,1.09572,117
2024-08-05 20:23:00,1.09573,1.09578,1.09571,1.09573,128
2024-08-05 20:24:00,1.09573,1.09573,1.09563,1.09563,109
2024-08-05 20:25:00,1.09563,1.095685,1.09563,1.095675,89
2024-08-05 20:26:00,1.09568,1.09574,1.09566,1.09567,128
2024-08-05 20:27:00,1.09567,1.095695,1.095655,1.09566,96
2024-08-05 20:28:00,1.09566,1.09569,1.095645,1.095645,93
2024-08-05 20:29:00,1.095645,1.0957,1.09555,1.09568,123
2024-08-05 20:30:00,1.095675,1.09569,1.09565,1.09566,78
2024-08-05 20:31:00,1.09566,1.095695,1.0956,1.095615,87
2024-08-05 20:32:00,1.095605,1.095695,1.09559,1.09559,100
2024-08-05 20:33:00,1.09559,1.09563,1.095575,1.09563,88
2024-08-05 20:34:00,1.095625,1.095635,1.09559,1.09561,94
2024-08-05 20:35:00,1.0956,1.09564,1.095575,1.095615,129
2024-08-05 20:36:00,1.095615,1.095655,1.095595,1.095635,127
2024-08-05 20:37:00,1.095625,1.09572,1.095615,1.095685,124
2024-08-05 20:38:00,1.095685,1.095695,1.095555,1.095585,106
2024-08-05 20:39:00,1.095575,1.095635,1.09552,1.095615,130
2024-08-05 20:40:00,1.095625,1.095635,1.095465,1.09547,127
2024-08-05 20:41:00,1.095475,1.095515,1.095455,1.0955,109
2024-08-05 20:42:00,1.0955,1.095515,1.095365,1.095375,109
2024-08-05 20:43:00,1.09538,1.095425,1.095355,1.095395,112
2024-08-05 20:44:00,1.095395,1.095415,1.095345,1.095345,101
2024-08-05 20:45:00,1.095345,1.09537,1.09525,1.095315,118
2024-08-05 20:46:00,1.095305,1.095405,1.09528,1.095375,104
2024-08-05 20:47:00,1.095375,1.09542,1.095355,1.0954,137
2024-08-05 20:48:00,1.09541,1.09542,1.095365,1.095395,113
2024-08-05 20:49:00,1.095395,1.095415,1.09529,1.0953,120
2024-08-05 20:50:00,1.09531,1.095335,1.095065,1.09511,162
2024-08-05 20:51:00,1.09511,1.095185,1.095105,1.09515,169
2024-08-05 20:52:00,1.09515,1.09517,1.095065,1.095075,156
2024-08-05 20:53:00,1.095075,1.0951,1.095025,1.095035,121
2024-08-05 20:54:00,1.095025,1.095075,1.095005,1.095025,139
2024-08-05 20:55:00,1.09503,1.09506,1.094945,1.095015,124
2024-08-05 20:56:00,1.09501,1.095065,1.094935,1.09501,143
2024-08-05 20:57:00,1.09501,1.095115,1.094975,1.095085,172
2024-08-05 20:58:00,1.095095,1.09518,1.095065,1.095125,156
2024-08-05 20:59:00,1.09513,1.0952,1.095085,1.09517,102
2024-08-05 21:00:00,1.09517,1.0952,1.09517,1.09517,69
2024-08-05 21:01:00,1.09517,1.09519,1.094875,1.094895,71
2024-08-05 21:02:00,1.094885,1.094885,1.09452,1.09484,77
2024-08-05 21:03:00,1.09485,1.09487,1.09484,1.09484,74
2024-08-05 21:04:00,1.09485,1.09491,1.09472,1.09488,77
2024-08-05 21:05:00,1.094905,1.09504,1.094905,1.095015,101
2024-08-05 21:06:00,1.095015,1.095055,1.095,1.095045,72
2024-08-05 21:07:00,1.095035,1.095095,1.095025,1.095095,98
2024-08-05 21:08:00,1.095095,1.095095,1.095055,1.095055,87
2024-08-05 21:09:00,1.095055,1.095085,1.095055,1.095075,84
2024-08-05 21:10:00,1.095075,1.09509,1.09504,1.09506,82
2024-08-05 21:11:00,1.09505,1.09508,1.095045,1.09507,102
2024-08-05 21:12:00,1.09507,1.09508,1.095045,1.09507,99
2024-08-05 21:13:00,1.09506,1.09508,1.09504,1.09506,92
2024-08-05 21:14:00,1.09506,1.09507,1.09502,1.09505,100
2024-08-05 21:15:00,1.095055,1.09509,1.09503,1.095045,86
2024-08-05 21:16:00,1.095045,1.09505,1.095015,1.095015,83
2024-08-05 21:17:00,1.095015,1.09507,1.095015,1.095035,74
2024-08-05 21:18:00,1.095025,1.095065,1.09502,1.095055,94
2024-08-05 21:19:00,1.095055,1.09506,1.09503,1.095055,80
2024-08-05 21:20:00,1.095065,1.09509,1.09504,1.09507,62
2024-08-05 21:21:00,1.09506,1.095095,1.09506,1.09509,95
2024-08-05 21:22:00,1.09509,1.0951,1.09502,1.095025,88
2024-08-05 21:23:00,1.095025,1.09505,1.095015,1.09503,76
2024-08-05 21:24:00,1.09503,1.09506,1.09502,1.095045,84
2024-08-05 21:25:00,1.09505,1.095065,1.09504,1.095055,76
2024-08-05 21:26:00,1.095055,1.09508,1.095045,1.095055,71
2024-08-05 21:27:00,1.095065,1.095105,1.095055,1.095085,92
2024-08-05 21:28:00,1.095085,1.095105,1.095075,1.095095,70
2024-08-05 21:29:00,1.095085,1.095105,1.095075,1.095095,63
2024-08-05 21:30:00,1.095095,1.095155,1.09508,1.095155,83
2024-08-05 21:31:00,1.095145,1.095155,1.095115,1.095125,59
2024-08-05 21:32:00,1.095135,1.095145,1.095115,1.095135,74
2024-08-05 21:33:00,1.095135,1.095145,1.095115,1.095135,79
2024-08-05 21:34:00,1.095135,1.095215,1.095115,1.095205,89
2024-08-05 21:35:00,1.095195,1.09522,1.09517,1.0952,85
2024-08-05 21:36:00,1.0952,1.09521,1.09517,1.09517,64
2024-08-05 21:37:00,1.09518,1.09521,1.09518,1.09518,65
2024-08-05 21:38:00,1.09519,1.095235,1.09518,1.09521,82
2024-08-05 21:39:00,1.09521,1.09537,1.09517,1.095365,99
2024-08-05 21:40:00,1.095355,1.095375,1.095345,1.095365,66
2024-08-05 21:41:00,1.095355,1.095375,1.095345,1.095365,87
2024-08-05 21:42:00,1.095365,1.095375,1.095355,1.095375,73
2024-08-05 21:43:00,1.095375,1.095385,1.09529,1.09529,69
2024-08-05 21:44:00,1.09529,1.09531,1.09528,1.095285,72
2024-08-05 21:45:00,1.095275,1.09548,1.095275,1.09546,86
2024-08-05 21:46:00,1.09546,1.09549,1.09545,1.09548,81
2024-08-05 21:47:00,1.09547,1.09548,1.09545,1.09546,75
2024-08-05 21:48:00,1.09546,1.095475,1.09544,1.09547,65
2024-08-05 21:49:00,1.09547,1.09547,1.09544,1.09545,67
2024-08-05 21:50:00,1.09545,1.095465,1.095435,1.095455,65
2024-08-05 21:51:00,1.095455,1.095475,1.095435,1.095455,75
2024-08-05 21:52:00,1.095455,1.095475,1.09544,1.09546,75
2024-08-05 21:53:00,1.09545,1.09547,1.09544,1.095465,64
2024-08-05 21:54:00,1.095465,1.095465,1.095365,1.095385,102
2024-08-05 21:55:00,1.095385,1.095385,1.095355,1.095355,72
2024-08-05 21:56:00,1.095365,1.095385,1.095345,1.095345,67
2024-08-05 21:57:00,1.095355,1.095375,1.095345,1.095345,72
2024-08-05 21:58:00,1.095345,1.09539,1.095345,1.09539,82
2024-08-05 21:59:00,1.09539,1.0954,1.09537,1.09538,69
2024-08-05 22:00:00,1.095405,1.09564,1.09535,1.095495,195
